{
  "ext/fragment/Comments-dbg.js": 1736963080301,
  "manifest.json": 1738849623387,
  "ext/controller/Copyheader.js": 1738823879098,
  "ext/fragment/Comments.js": 1736963080301,
  "Component.js": 1736962830386,
  "Component-dbg.js": 1736962830386,
  "Component.js.map": 1738849623509,
  "i18n/i18n.properties": 1736962830390,
  "ext/fragment/Comments.js.map": 1738849623515,
  "ext/controller/Copyheader-dbg.js": 1738823879098,
  "ext/controller/Copyheader.js.map": 1738849623558,
  "Component-preload.js": 1738849623636,
  "Component-preload.js.map": 1738849623636,
  "ext/fragment/Comments.fragment.xml": 1736963062333,
  "index.html": 1736962830390
}