{
  "Component-preload.js.map": 1737702008585,
  "ext/fragment/Comments.js": 1736963080301,
  "ext/controller/Sendforapproval.js": 1736963028473,
  "manifest.json": 1737702008304,
  "Component.js": 1736962830386,
  "ext/fragment/Comments-dbg.js": 1736963080301,
  "ext/fragment/Comments.js.map": 1737702008479,
  "ext/controller/Sendforapproval-dbg.js": 1736963028473,
  "ext/controller/Sendforapproval.js.map": 1737702008473,
  "Component-dbg.js": 1736962830386,
  "Component.js.map": 1737702008479,
  "Component-preload.js": 1737702008585,
  "i18n/i18n.properties": 1736962830390,
  "ext/fragment/Comments.fragment.xml": 1736963062333,
  "index.html": 1736962830390
}